question_id,model_name,answer_text,answer_length
Q001,Simulated_GPT,"Start with Python basics such as variables, loops, functions, and lists. Then learn pandas and numpy for data analysis. After that, practice with small CSV datasets and build simple projects like cleaning student data or analyzing course reviews.",38
Q002,Simulated_GPT,"With one week before your statistics exam, divide your review into topics. Spend the first two days reviewing probability and distributions, the next two days on hypothesis testing and confidence intervals, and the final days doing practice problems. Focus more on weak areas.",43
Q003,Simulated_GPT,"You can apply for a PhD without research experience, but it is usually a major disadvantage. PhD programs care strongly about research potential, so you should try to gain RA experience, complete a research-style project, and get strong faculty recommendations before applying.",42
Q004,Simulated_GPT,"Yes, you still need to learn pandas even if you use AI to write code. AI can generate code, but you need pandas knowledge to check whether the code is correct, debug errors, understand data transformations, and explain your analysis decisions.",41
Q005,Simulated_GPT,"Both GPA and research matter for PhD applications, but research experience and strong recommendation letters are usually more important for showing research potential. A strong GPA helps, but it cannot fully replace research experience, especially for competitive programs.",38
Q006,Simulated_GPT,"To clean a dataset, first inspect its shape, column types, missing values, duplicates, and unusual values. Then remove duplicates, standardize text formats, convert data types, handle missing values carefully, and document every cleaning decision.",34
Q007,Simulated_GPT,"If your main goal is applying for a PhD, RA experience is usually more valuable than a general internship because it directly shows research ability. However, an AI or data-focused research internship can also be useful if it involves evaluation, experiments, or publishable work.",44
Q008,Simulated_GPT,"To detect hallucination, check whether the AI provides unsupported facts, overly specific claims without sources, outdated information, or confident answers to uncertain questions. For important decisions, verify the answer using official sources or expert advice.",35
Q009,Simulated_GPT,"To prepare for a machine learning course, review Python, linear algebra, probability, statistics, and basic calculus. You should also understand train-test split, overfitting, regression, classification, and evaluation metrics before the course starts.",32
Q010,Simulated_GPT,"AI will not completely replace data scientists, but it will change the job. Routine coding and reporting may become more automated, while skills like problem framing, data quality judgment, experimental design, model evaluation, and business interpretation will become more important.",40
Q011,Simulated_GPT,"Important SQL skills for data science include SELECT, WHERE, GROUP BY, JOIN, subqueries, common table expressions, and window functions. You should be comfortable extracting, aggregating, and combining data from multiple tables.",31
Q012,Simulated_GPT,"To evaluate an AI chatbot, define clear criteria such as accuracy, helpfulness, clarity, safety, personalization, and risk control. Then collect test questions, score the chatbot responses, analyze failure cases, and identify where the system needs improvement.",36
Q013,Simulated_GPT,"You should not blindly trust AI career advice. AI can help brainstorm options, but career decisions depend on your background, goals, constraints, and current market information. Use AI as a starting point, then verify with advisors, mentors, and official sources.",40
Q014,Simulated_GPT,"To build a data visualization dashboard, first define the key questions and metrics. Then clean the data, create charts, organize them into a clear layout, and make the dashboard interactive using tools like Streamlit, Tableau, Power BI, or Plotly Dash.",40
